img_path,shape,labeled_quality,pred_compression,pred_pixelation,brisque,clipiqa,clipiqa+,clipiqa+_rn50_512,clipiqa+_vitL14_512,clipscore,cnniqa,dbcnn,entropy,fid,hyperiqa,ilniqe,laion_aes,liqe,liqe_mix,maniqa,maniqa-kadid,maniqa-koniq,maniqa-pipal,musiq,musiq-ava,musiq-koniq,musiq-paq2piq,musiq-spaq,nima,nima-koniq,nima-spaq,nima-vgg16-ava,niqe,nrqm,paq2piq,pi,topiq_iaa,topiq_iaa_res50,topiq_nr,topiq_nr-face,topiq_nr-flive,topiq_nr-spaq,tres,tres-flive,tres-koniq,uranker
008023_12_Blots.png,super_wide,low,1.3603187919463087,0.2955778560987203,48.30584716796875,0.23053789138793945,0.14533686637878418,0.2149079144001007,,,0.4116755425930023,0.5081627368927002,6.177412986755371,,,73.94805704114472,3.411604404449463,,,0.2973789870738983,0.22662784159183502,0.2973789870738983,0.37433281540870667,25.790950775146484,4.043560981750488,25.790950775146484,49.56971740722656,47.29715347290039,5.132255554199219,0.41090142726898193,12.973505020141602,4.079205513000488,10.828889519927912,3.8593320846557617,51.488182067871094,9.068567093278842,4.090235710144043,4.534838676452637,0.4300374686717987,,0.44235527515411377,0.13480593264102936,71.06891632080078,69.5372314453125,71.06891632080078,-0.17765459418296814
010306_8_Blots.png,super_wide,low,0.2516778523489933,0.13609011093473952,62.46551513671875,0.2064828723669052,0.10940472036600113,0.1595546007156372,,,0.4407883286476135,0.31510651111602783,5.9409403800964355,,,157.36913825627593,3.6276779174804688,,,0.3421013653278351,0.2546553611755371,0.3421013653278351,0.32544955611228943,17.882179260253906,3.4882500171661377,17.882179260253906,48.50700378417969,25.61520767211914,3.934598207473755,0.26371654868125916,11.65548038482666,4.7363481521606445,19.091491973625576,1.4715547561645508,50.88230895996094,11.180135623190383,4.360512733459473,4.3488359451293945,0.1625290811061859,,0.5800257921218872,0.174340158700943,67.53715515136719,70.79784393310547,67.53715515136719,-0.6794912219047546
008331_1_Blots.png,square,low,4.128578163938843,0.3854276044695262,41.93670654296875,0.2989097237586975,0.2577694356441498,0.27762138843536377,,,0.43766799569129944,0.49167725443840027,6.513021945953369,,0.2916543781757355,68.53738852987922,4.172512531280518,1.005021333694458,1.0041757822036743,0.37524402141571045,0.09176625311374664,0.37524402141571045,0.30575031042099,55.25865173339844,3.943458080291748,55.25865173339844,59.489994049072266,15.160079002380371,4.078090667724609,0.3126654028892517,23.86724090576172,4.4561686515808105,10.62660979749096,4.177762985229492,61.360679626464844,8.636566095770064,3.6329896450042725,4.015448570251465,0.42841610312461853,,0.6152307391166687,0.4395960569381714,53.05842208862305,75.37043762207031,53.05842208862305,0.5580226182937622
000194_1_Blots.png,super_wide,low,8.170441347270616,0.20607282502443794,42.42303466796875,0.4567113518714905,0.294196754693985,0.27564582228660583,,,0.33071815967559814,0.2502235770225525,6.852989196777344,,,93.74260982642222,3.248946189880371,,,0.16841748356819153,0.15501078963279724,0.16841748356819153,0.3612575829029083,19.268892288208008,3.3266050815582275,19.268892288208008,52.607669830322266,25.744264602661133,4.4858856201171875,0.4186874032020569,15.890938758850098,3.8129782676696777,10.597715647049187,2.202784538269043,42.609901428222656,9.839003424511583,4.294302463531494,4.154882431030273,0.09881355613470078,,0.6130543351173401,0.15931643545627594,14.128344535827637,52.69727325439453,14.128344535827637,0.3091983199119568
000822_8_Blots.png,super_wide,low,4.8343763037129746,0.24000448696376778,68.04559326171875,0.31518110632896423,0.22140590846538544,0.19049744307994843,,,0.32692891359329224,0.31269124150276184,6.705361366271973,,,88.3296258354041,3.6239662170410156,,,0.2016381025314331,0.14983494579792023,0.2016381025314331,0.3217228949069977,21.22162628173828,3.5450797080993652,21.22162628173828,46.125885009765625,25.199848175048828,5.0028910636901855,0.36173051595687866,21.59123420715332,3.7780210971832275,11.857460706833258,3.0392701625823975,43.1717643737793,9.76232973281642,4.613290309906006,4.516097068786621,0.1984226107597351,,0.6763208508491516,0.20368711650371552,27.104076385498047,53.36313247680664,27.104076385498047,0.22008419036865234
005438_4_Blots.png,super_wide,low,18.95848595848596,0.48445085077124445,55.27117919921875,0.4261968731880188,0.2690160572528839,0.2910591959953308,,,0.3725566864013672,0.31119823455810547,6.330085754394531,,,110.05265622612411,3.649951934814453,,,0.386128306388855,0.23272840678691864,0.3851257264614105,0.36779817938804626,22.350093841552734,3.746908664703369,22.350093841552734,46.893707275390625,34.535980224609375,4.5782670974731445,0.3090360164642334,12.19005298614502,3.845581293106079,13.187369161593102,1.8358598947525024,49.117042541503906,14.588040082743122,4.115747451782227,4.574670314788818,0.3148210644721985,,0.4760039746761322,0.14434407651424408,43.42206954956055,65.39390563964844,43.42206954956055,-0.47923117876052856
007634_2_Blots.png,tall,low,0.07498582881204956,0.06072181921078356,21.86248779296875,0.4923999011516571,0.33145564794540405,0.34304189682006836,,,0.4312097728252411,0.46765419840812683,5.492021560668945,,0.45647138357162476,72.62435272273669,4.409852504730225,1.0647879838943481,1.1111303567886353,0.33771345019340515,0.412545382976532,0.33771345019340515,0.4389903247356415,26.341854095458984,3.6530745029449463,26.341854095458984,62.508235931396484,22.70179557800293,4.429579734802246,0.3826255798339844,31.84752655029297,4.087386608123779,5.673060994703531,6.172799110412598,68.45845794677734,5.36357189535355,4.554081916809082,4.787335395812988,0.3481155037879944,,0.648758590221405,0.4025960862636566,49.13821029663086,83.44810485839844,49.13821029663086,-0.5023888945579529
009884_4_Blots.png,tall,low,0.8527369281045751,0.2428192941652341,54.43475341796875,0.1554262787103653,0.18023766577243805,0.13382503390312195,,,0.3613588213920593,0.2817160487174988,6.744040489196777,,0.29080450534820557,81.78859443735831,4.241266250610352,1.0533509254455566,1.0110702514648438,0.2571168541908264,0.17727702856063843,0.2571168541908264,0.3090454638004303,20.521053314208984,4.6092376708984375,20.521053314208984,51.18489074707031,14.923013687133789,3.5915980339050293,0.24610963463783264,16.00981330871582,4.152545928955078,9.758954721923478,1.9665013551712036,43.643741607666016,8.897588427535247,2.6828360557556152,4.118502616882324,0.21539056301116943,,0.5658978223800659,0.2828116714954376,31.992528915405273,65.63941192626953,31.992528915405273,-0.7734062075614929
026862_4_Blots.png,square,low,12.587166784619013,0.49904615496013344,89.25604248046875,0.5627735257148743,0.36899659037590027,0.33399203419685364,,,0.4019712507724762,0.2949027121067047,5.863631725311279,,0.48351579904556274,125.61830550545889,4.059350490570068,1.6716798543930054,1.2249395847320557,0.3058616518974304,0.14390848577022552,0.3058616518974304,0.31074607372283936,27.326717376708984,4.718006134033203,27.326717376708984,47.67619323730469,14.171295166015625,3.804440498352051,0.22053247690200806,11.63635540008545,4.9577131271362305,16.34136190419628,1.5657505989074707,46.790740966796875,12.394326695182068,3.818171501159668,4.670926094055176,0.24911537766456604,,0.5443680882453918,0.11754541099071503,59.60845184326172,71.74799346923828,59.60845184326172,-0.9709067344665527
005608_2_Blots.png,square,low,8.482538919276312,0.5482460423380315,66.98016357421875,0.32699230313301086,0.3344181180000305,0.2878913879394531,,,0.3292977809906006,0.39162102341651917,4.661895751953125,,0.3339882493019104,103.46449084156195,4.280168533325195,1.0142494440078735,1.0312312841415405,0.3221544623374939,0.1644808053970337,0.3221544623374939,0.3457598388195038,57.72226333618164,3.8447747230529785,57.72226333618164,64.89995574951172,53.81025314331055,3.0271077156066895,0.2941949963569641,25.72394371032715,3.723573923110962,13.002651339760904,3.45906400680542,57.21921157836914,10.196913943045587,2.744279384613037,3.70857834815979,0.31388601660728455,,0.6006292104721069,0.40404704213142395,41.54511642456055,75.2140121459961,41.54511642456055,-0.5890384912490845
006277_1_Blots.png,wide,low,0.13115494654419516,0.0670709601495696,30.88446044921875,0.44309544563293457,0.3776722252368927,0.22414666414260864,,,0.3487100303173065,0.37251463532447815,6.862007141113281,,0.31469452381134033,116.64409433169435,4.283278942108154,1.0523179769515991,1.121718168258667,0.3213581144809723,0.22913485765457153,0.3213581144809723,0.4045143127441406,15.182685852050781,4.521986484527588,15.182685852050781,48.63352584838867,17.13495635986328,3.8048126697540283,0.2473134696483612,16.920198440551758,4.243569850921631,7.145823109601007,3.7743494510650635,43.11527633666992,7.034773278258005,3.8460159301757812,4.531801223754883,0.21584656834602356,,0.5204233527183533,0.17455624043941498,23.78853988647461,69.89800262451172,23.78853988647461,-0.12644456326961517
000740_2_Blots.png,tall,low,0.49711442786069654,0.13748298928564584,25.86151123046875,0.5475241541862488,0.3732817471027374,0.2875608503818512,,,0.5989376902580261,0.40622004866600037,5.555485725402832,,0.36934801936149597,78.10080432684107,4.576922416687012,1.2319895029067993,1.1628739833831787,0.33299028873443604,0.2658502757549286,0.33299028873443604,0.48577526211738586,23.480758666992188,4.325931549072266,23.480758666992188,49.593040466308594,22.888538360595703,4.312580108642578,0.282018780708313,23.273576736450195,4.947649002075195,6.244181352651344,4.849578380584717,60.427024841308594,6.5421042900797275,4.117204666137695,4.7977681159973145,0.3392815887928009,,0.5694180130958557,0.3776477575302124,49.71277618408203,83.49980163574219,49.71277618408203,-0.9830662608146667
006277_2_Blots.png,wide,low,0.12023988005997001,0.0497115662773615,36.30242919921875,0.4275168478488922,0.4193669259548187,0.2643144130706787,,,0.3630959093570709,0.36339354515075684,7.171722888946533,,0.27058735489845276,111.29177532747156,4.403286933898926,1.0149692296981812,1.170741081237793,0.2797505259513855,0.23154540359973907,0.29654619097709656,0.4189024567604065,16.167400360107422,4.53781795501709,16.167400360107422,51.659019470214844,12.949935913085938,3.9643704891204834,0.27717655897140503,23.307315826416016,4.312614440917969,6.684932052859515,4.835623264312744,48.533416748046875,6.367283831880903,3.704158067703247,4.503645896911621,0.23845991492271423,,0.5222387909889221,0.20909886062145233,16.5765380859375,72.17158508300781,16.5765380859375,-0.023252785205841064
009380_5_Blots.png,wide,low,2.9362915846332474,0.08761490209486737,50.50506591796875,0.4183691143989563,0.3586774468421936,0.33386388421058655,,,0.5088464021682739,0.35795122385025024,7.013399124145508,,0.30175676941871643,103.3505873343349,3.8819050788879395,1.0089185237884521,1.0158880949020386,0.2207348644733429,0.2339305728673935,0.22111031413078308,0.36162328720092773,17.568485260009766,4.661136627197266,17.568485260009766,53.1119499206543,20.346790313720703,4.257437229156494,0.3434644043445587,13.399102210998535,4.9884562492370605,14.727645541980753,5.727139949798584,39.86956024169922,9.343377307821926,4.750007629394531,4.765355587005615,0.19059914350509644,,0.5433290600776672,0.16989348828792572,23.09022331237793,58.93033981323242,23.09022331237793,0.19634199142456055
010254_1_Blots.png,square,low,0.6383602537448692,0.06609474621029748,64.58123779296875,0.38268789649009705,0.23394674062728882,0.21698278188705444,,,0.3714602291584015,0.33813583850860596,5.759081840515137,,0.4568023681640625,60.24749993183946,3.9836478233337402,1.0768933296203613,1.1617531776428223,0.21760094165802002,0.27684739232063293,0.21760094165802002,0.3089316785335541,17.66416358947754,4.8040571212768555,17.66416358947754,49.783447265625,12.931137084960938,3.9273533821105957,0.26424744725227356,18.228927612304688,4.795555591583252,14.121659193467556,6.474528789520264,41.48487091064453,9.272579566489544,3.929861545562744,4.846818447113037,0.1513742208480835,,0.5610072612762451,0.2177215963602066,43.25233459472656,70.96556854248047,43.25233459472656,-0.18238000571727753
004494_1_Blots.png,tall,low,0.5355007473841554,0.07111129339868343,47.17401123046875,0.458940714597702,0.34686315059661865,0.23394349217414856,,,0.3594030737876892,0.3453691005706787,5.632355690002441,,0.3572762906551361,102.55849980843999,4.118690490722656,1.0368921756744385,1.1086161136627197,0.2575767934322357,0.2593752145767212,0.2575767934322357,0.3783188760280609,18.33810043334961,4.835378646850586,18.33810043334961,49.33335494995117,16.550434112548828,4.0747904777526855,0.24978861212730408,22.526086807250977,4.672726631164551,10.413578931959615,6.191508769989014,40.55938720703125,7.132016610511365,4.029952049255371,4.605152130126953,0.19565123319625854,,0.5777973532676697,0.20669499039649963,48.768856048583984,74.79920959472656,48.768856048583984,0.060666680335998535
008211_2_Blots.png,wide,low,0.04316701267091417,0.02928206799174541,39.18572998046875,0.4521912634372711,0.31694191694259644,0.28119856119155884,,,0.4704875648021698,0.45295053720474243,5.3278656005859375,,0.42723676562309265,82.32253783470337,3.6658835411071777,1.113412857055664,1.2155534029006958,0.231714129447937,0.2732624411582947,0.2512398064136505,0.3112526834011078,38.931636810302734,3.572418212890625,38.931636810302734,53.75511169433594,23.11016273498535,3.8982434272766113,0.34858325123786926,38.57847595214844,4.423748016357422,7.826789345873242,7.558896541595459,60.803958892822266,4.92501074858352,3.3925328254699707,4.534334182739258,0.3202684223651886,,0.5790207982063293,0.30901968479156494,52.598777770996094,81.02676391601562,52.598777770996094,-0.42980819940567017
004949_3_Blots.png,wide,low,2.445968470032641,0.31929898058930317,57.75360107421875,0.4283846914768219,0.3194849491119385,0.291029691696167,,,0.45515361428260803,0.29291749000549316,4.196497917175293,,0.5227949619293213,68.69438520216798,3.522785186767578,1.4913758039474487,1.4175186157226562,0.3471721112728119,0.21456018090248108,0.3471721112728119,0.36546409130096436,31.232954025268555,4.57594108581543,31.232954025268555,53.039939880371094,26.639026641845703,5.318697929382324,0.386440247297287,19.147615432739258,5.119809150695801,11.498294265953934,2.7198853492736816,27.695924758911133,8.837317913478092,4.540826797485352,5.3211188316345215,0.2915652394294739,,0.5717238187789917,0.18591661751270294,53.701316833496094,71.91316986083984,53.701316833496094,-1.0283207893371582
003022_2_Blots.png,tall,low,0.2809804246848042,0.029489176638977786,61.23309326171875,0.4520421028137207,0.38721323013305664,0.23717936873435974,,,0.3454606533050537,0.5010864734649658,4.9889326095581055,,0.3797336518764496,91.40926628753229,3.8701000213623047,1.0953844785690308,1.0967592000961304,0.3531988561153412,0.22900553047657013,0.3424912393093109,0.41218823194503784,34.927650451660156,4.405051231384277,34.927650451660156,52.61897277832031,16.5700626373291,4.047391891479492,0.2508419454097748,22.06005859375,5.2481465339660645,7.184195746186792,7.3718037605285645,58.794578552246094,5.0560855222924435,4.102380752563477,4.71536922454834,0.35420122742652893,,0.5676690340042114,0.3320731520652771,65.32615661621094,80.75810241699219,65.32615661621094,-0.724695086479187
002503_2_Blots.png,square,low,3.6324780397595933,0.12114096096298543,134.56805419921875,0.43433570861816406,0.4097094237804413,0.3940688669681549,,,0.6322966814041138,0.45975998044013977,2.2692160606384277,,0.4105849266052246,80.22160936402015,3.71156644821167,1.420151948928833,1.2720668315887451,0.4963083565235138,0.19324040412902832,0.4963083565235138,0.4353216588497162,25.388599395751953,4.439404487609863,25.388599395751953,57.16889572143555,24.831623077392578,4.37283992767334,0.35080471634864807,24.505945205688477,5.615004062652588,12.228982548434127,4.775047779083252,49.861366271972656,8.984480955632272,4.425997734069824,4.880868911743164,0.3232838213443756,,0.5689085125923157,0.20053459703922272,73.33671569824219,74.33727264404297,73.33671569824219,-0.60677570104599
011411_2_Blots.png,square,high,0.011594580510682647,0.02228681332306796,57.18084716796875,0.5966330766677856,0.33773893117904663,0.2541501224040985,,,0.4944353997707367,0.4354495406150818,6.34000301361084,,0.2871161699295044,67.12251463808654,4.322646141052246,1.0509495735168457,1.0436838865280151,0.2732846736907959,0.20112568140029907,0.2732846736907959,0.42449072003364563,22.791135787963867,4.13391637802124,22.791135787963867,51.342525482177734,16.38007354736328,5.293326377868652,0.34056052565574646,25.2696533203125,4.705883502960205,10.004730707172817,7.29800271987915,62.05433654785156,6.313742626024142,4.1601691246032715,4.748368740081787,0.28730490803718567,,0.5771144032478333,0.28088781237602234,40.44043731689453,79.61168670654297,40.44043731689453,-0.24345986545085907
007861_10_Blots.png,square,high,0.26535560344827586,0.07231095799839928,55.37518310546875,0.6890792846679688,0.32439255714416504,0.29809311032295227,,,0.2996812164783478,0.43187227845191956,4.883618354797363,,0.2850382924079895,57.21151072713468,3.8784070014953613,1.020957350730896,1.247279167175293,0.36829912662506104,0.21219071745872498,0.36829912662506104,0.4543585777282715,30.950977325439453,4.476836204528809,30.950977325439453,61.121620178222656,17.589521408081055,4.525099277496338,0.3803032636642456,29.060930252075195,5.11967658996582,7.581488054655164,4.985893249511719,50.242591857910156,6.132937137859631,3.9381799697875977,4.7639570236206055,0.2963586151599884,,0.6372707486152649,0.31754547357559204,41.69458770751953,81.89237976074219,41.69458770751953,-0.48126763105392456
001964_13_Blots.png,square,high,2.7562694053021257,0.07602814711007688,19.20330810546875,0.6191151738166809,0.4426308572292328,0.27892303466796875,,,0.5905264616012573,0.5323381423950195,6.410170078277588,,0.37655356526374817,43.0502611211519,4.618851661682129,1.0822954177856445,1.3300292491912842,0.31520015001296997,0.23201259970664978,0.31520015001296997,0.4418545961380005,29.837196350097656,4.647068977355957,29.837196350097656,63.47575378417969,28.476150512695312,4.472033500671387,0.40495964884757996,39.511558532714844,4.722281455993652,3.046845806337316,7.667590618133545,61.74615478515625,2.9780410448009476,4.654505729675293,4.946353912353516,0.28578004240989685,,0.6311556696891785,0.43831416964530945,51.686805725097656,78.80733489990234,51.686805725097656,0.03859653323888779
000007_2_Blots.png,super-wide,high,0.10727346607070297,0.14937106918238993,34.69110107421875,0.3900965750217438,0.229692280292511,0.27321329712867737,,,0.5153364539146423,0.314283549785614,4.41719913482666,,,60.31751118936817,4.245306491851807,,,0.2887886166572571,0.24349960684776306,0.2887886166572571,0.42272084951400757,27.32991600036621,3.975447416305542,27.32991600036621,62.42448806762695,34.593318939208984,4.003561019897461,0.2859451174736023,23.50136375427246,4.580080032348633,7.919190514283252,3.9316482543945312,67.68953704833984,6.9549441824886635,4.44036865234375,4.552311420440674,0.28959789872169495,,0.6035599112510681,0.32088667154312134,43.63396453857422,79.8594741821289,43.63396453857422,0.4728977382183075
007778_1_Blots.png,super-wide,high,0.15375,0.1395332502151123,26.53729248046875,0.21274247765541077,0.16457323729991913,0.15503349900245667,,,0.43380987644195557,0.2945477366447449,4.536455154418945,,,81.80658283419322,3.963603973388672,,,0.2644805312156677,0.24739274382591248,0.2644805312156677,0.40637463331222534,22.91973876953125,3.514976978302002,22.91973876953125,55.11296081542969,28.326988220214844,3.159485101699829,0.27541521191596985,22.093332290649414,3.8213982582092285,6.62592143934511,3.0689494609832764,47.10268020629883,6.842793219460361,3.547905445098877,3.8659403324127197,0.28360745310783386,,0.5924888849258423,0.33498239517211914,36.763553619384766,76.52013397216797,36.763553619384766,-0.013701359741389751
008346_3_Blots.png,square,high,26.35318937701663,0.6973532983796913,75.67205810546875,0.4137382507324219,0.3341313898563385,0.23503363132476807,,,0.46520209312438965,0.3514648377895355,3.7188143730163574,,0.3551240563392639,75.73957246141357,4.029275417327881,1.028845191001892,1.0423167943954468,0.3282102048397064,0.20604799687862396,0.3282102048397064,0.42968320846557617,44.198917388916016,4.094841957092285,44.198917388916016,56.91065216064453,18.910343170166016,3.540881872177124,0.3709326386451721,23.866090774536133,4.167703628540039,10.298768397313596,2.059209108352661,51.520301818847656,9.90945433294666,3.592611789703369,4.140141487121582,0.32954761385917664,,0.5938354134559631,0.30623161792755127,47.47072219848633,75.73512268066406,47.47072219848633,-1.0041935443878174
004231_1_Blots.png,square,high,0.039416152263374485,0.04646195358005542,27.51580810546875,0.6005905270576477,0.37095412611961365,0.2893848419189453,,,0.4542734622955322,0.468633770942688,6.630824089050293,,0.34431135654449463,90.93900927519334,4.277085781097412,1.075125813484192,1.2049200534820557,0.33903002738952637,0.230833500623703,0.33903002738952637,0.4890364110469818,18.322265625,4.491168975830078,18.322265625,49.642677307128906,13.24484920501709,4.586668491363525,0.2533044219017029,17.7279052734375,4.5990705490112305,5.606077746296539,6.77868127822876,53.93552780151367,4.91724079499875,4.043342113494873,4.378019332885742,0.28435876965522766,,0.5402212738990784,0.206406369805336,32.03252410888672,79.54497528076172,32.03252410888672,-0.36730143427848816
000328_6_Blots.png,super-wide,high,0.1886058032554848,0.04980146887083798,19.84881591796875,0.48209506273269653,0.2928851842880249,0.25059351325035095,,,0.3811899721622467,0.32980233430862427,6.653132438659668,,,105.9153308467005,4.110969543457031,,,0.26684367656707764,0.25188183784484863,0.26684367656707764,0.45114776492118835,21.624460220336914,3.322063446044922,21.624460220336914,51.00386047363281,31.05571937561035,3.0247297286987305,0.29686203598976135,24.33440589904785,3.8339452743530273,6.895086697995168,2.7784037590026855,45.35861587524414,7.193331917604418,4.20412015914917,3.491328716278076,0.20376795530319214,,0.5742111802101135,0.19861195981502533,20.875635147094727,74.7168197631836,20.875635147094727,0.2727617919445038
000328_9_Blots.png,super-wide,high,0.056575496440614464,0.05100286014264509,21.94451904296875,0.5646153092384338,0.3020707070827484,0.29721391201019287,,,0.40117016434669495,0.333957314491272,6.438387393951416,,,93.90239386458093,3.6176705360412598,,,0.28519341349601746,0.26093241572380066,0.28519341349601746,0.43451112508773804,24.530765533447266,3.365687131881714,24.530765533447266,53.99413299560547,24.13825225830078,2.8926329612731934,0.3072112798690796,20.028846740722656,3.802004337310791,6.624759106391025,2.8668386936187744,50.76402282714844,6.953155926582946,4.481318473815918,3.2568414211273193,0.22656795382499695,,0.5985682606697083,0.2827214300632477,24.544158935546875,76.615478515625,24.544158935546875,0.29413849115371704
000193_21_Blots.png,super-wide,high,10.547619047619047,0.26086727264615095,33.52801513671875,0.6131917834281921,0.3984425961971283,0.31498318910598755,,,0.3566649556159973,0.4532085955142975,5.748146057128906,,,71.8586279213553,3.7775893211364746,,,0.22200630605220795,0.2354205697774887,0.22200630605220795,0.44046756625175476,20.120023727416992,3.321883201599121,20.120023727416992,54.436187744140625,36.8527717590332,3.298366069793701,0.3190127909183502,28.161191940307617,4.545139312744141,9.411213288752265,6.514629364013672,59.59337615966797,7.648438547261006,3.762956142425537,4.340339183807373,0.29096171259880066,,0.6204504370689392,0.3116309940814972,47.33637237548828,77.16717529296875,47.33637237548828,0.10837133973836899
029783_3_Blots.png,tall,high,0.028304870335230867,0.03959154049144358,19.02557373046875,0.5464646816253662,0.2910284996032715,0.2320835143327713,,,0.3026342988014221,0.45078474283218384,5.367790222167969,,0.2916758358478546,71.58206539623696,4.085030555725098,1.023091435432434,1.0200804471969604,0.2445165365934372,0.18337032198905945,0.2445165365934372,0.43135327100753784,17.433204650878906,4.419013977050781,17.433204650878906,49.745635986328125,18.608524322509766,4.764762878417969,0.2694181501865387,19.088607788085938,5.042593955993652,3.749575649374628,6.579807758331299,49.404029846191406,3.925441986480945,4.3262200355529785,5.298171043395996,0.2770034372806549,,0.5709592700004578,0.23401962220668793,32.47539138793945,74.73477172851562,32.47539138793945,-0.1946638822555542
011511_12_Blots.png,tall,high,0.014416004707266844,0.060455787808858956,59.54022216796875,0.5408111214637756,0.3210258185863495,0.27641063928604126,,,0.6122222542762756,0.5366514325141907,6.318215847015381,,0.4029192328453064,55.837932537737345,4.391676902770996,1.0061051845550537,1.0247615575790405,0.328012615442276,0.26358261704444885,0.328012615442276,0.48035749793052673,26.338058471679688,4.149291038513184,26.338058471679688,56.495357513427734,24.50429916381836,4.4093403816223145,0.3509938418865204,27.908140182495117,4.4810791015625,14.150027593210815,7.367382049560547,55.53545379638672,7.890504914961371,3.806068181991577,4.732668399810791,0.4204767048358917,,0.5735144019126892,0.3762390911579132,39.33969497680664,71.4379653930664,39.33969497680664,-0.21384470164775848
011542_3_Blots.png,tall,high,0.012713675213675214,0.02574063472405588,18.21502685546875,0.46115192770957947,0.31868845224380493,0.23498563468456268,,,0.5713114738464355,0.4234221875667572,5.9738078117370605,,0.2586748003959656,55.1428552780585,4.384768009185791,1.0111384391784668,1.1072821617126465,0.23947352170944214,0.2423439770936966,0.23947352170944214,0.42976507544517517,26.55616569519043,4.576568603515625,26.55616569519043,56.558345794677734,24.89077377319336,4.916350364685059,0.446641743183136,25.98017692565918,4.864340305328369,5.6976382331718645,6.866372585296631,51.0147590637207,4.339674803414596,4.243091106414795,4.799111843109131,0.26833686232566833,,0.6090506911277771,0.31851425766944885,43.12507629394531,77.63187408447266,43.12507629394531,-0.2605152130126953
007975_2_Blots.png,tall,high,0.20298762270593257,0.02582274356467905,9.91033935546875,0.5366894602775574,0.3794410526752472,0.2823227345943451,,,0.7089148759841919,0.6049106121063232,6.788332462310791,,0.43013995885849,81.45101092688544,4.47323751449585,1.0255576372146606,1.0320225954055786,0.35947927832603455,0.1764754056930542,0.35947927832603455,0.43715810775756836,32.39017868041992,4.710925102233887,32.39017868041992,53.076454162597656,39.10546112060547,4.591701507568359,0.4260443150997162,30.503870010375977,4.725075721740723,4.959895990982139,7.721503734588623,59.33405685424805,3.6791243339509423,4.346668243408203,4.973727703094482,0.42122262716293335,,0.5633435845375061,0.5721421837806702,61.905029296875,77.73628997802734,61.905029296875,-0.17929916083812714
002650_8_Blots.png,tall,high,0.09786943146861114,0.0658426253745429,29.83905029296875,0.422920286655426,0.2983771562576294,0.19227202236652374,,,0.38466307520866394,0.401447594165802,6.250825881958008,,0.2629404366016388,82.6502512720583,4.192946434020996,1.017652988433838,1.055080533027649,0.25412434339523315,0.19819745421409607,0.25412434339523315,0.40705934166908264,17.638504028320312,4.323421478271484,17.638504028320312,46.970611572265625,22.710763931274414,4.084315776824951,0.19056099653244019,23.246078491210938,3.962198257446289,7.843552866304844,5.967825412750244,44.31236267089844,6.859478399956803,4.301259994506836,4.555834770202637,0.22998294234275818,,0.5743067860603333,0.25343480706214905,25.895551681518555,74.27667999267578,25.895551681518555,0.11079411208629608
009115_6_Blots.png,wide,high,0.019013666072489603,0.026071586389748123,79.94158935546875,0.5449429750442505,0.3162166476249695,0.27796655893325806,,,0.495174765586853,0.4233156740665436,5.05219841003418,,0.4666900038719177,106.40626820743827,4.251512050628662,1.0374174118041992,1.2767372131347656,0.30794283747673035,0.2763175368309021,0.30794283747673035,0.3859676718711853,35.4931526184082,4.309059143066406,35.4931526184082,60.155967712402344,21.697402954101562,4.297834396362305,0.30672404170036316,28.01048469543457,4.5796003341674805,17.29194818120443,6.83741569519043,42.97784423828125,10.396431145751897,3.2815678119659424,4.577149391174316,0.27112051844596863,,0.586129367351532,0.3929172456264496,29.365116119384766,73.78207397460938,29.365116119384766,-0.41854333877563477
011897_7_Blots.png,wide,high,6.089061733585593,0.07996580051571515,54.54217529296875,0.5716290473937988,0.3437277674674988,0.2606431841850281,,,0.6474779844284058,0.5063005089759827,6.427225112915039,,0.32544684410095215,74.27444739460525,4.1086506843566895,1.0073117017745972,1.0446653366088867,0.27090877294540405,0.18562710285186768,0.27090877294540405,0.497197687625885,38.337921142578125,4.096279621124268,38.337921142578125,56.3988151550293,48.775543212890625,3.6224937438964844,0.42567962408065796,42.26917266845703,4.280040740966797,7.2365736515580465,7.204884052276611,62.45521545410156,4.904628950171865,4.3346662521362305,4.734734535217285,0.27521631121635437,,0.6410096883773804,0.4263860881328583,41.88149642944336,77.72235870361328,41.88149642944336,0.8117393255233765
000675_1_Blots.png,wide,high,1.037004662004662,0.04319973932877159,33.62762451171875,0.5700923800468445,0.38319963216781616,0.23440390825271606,,,0.6009791493415833,0.4797900915145874,6.668539524078369,,0.34596583247184753,52.51025973568748,4.0611186027526855,1.0130512714385986,1.062511920928955,0.2884902060031891,0.25460129976272583,0.2884902060031891,0.46726179122924805,31.87899398803711,4.247089862823486,31.87899398803711,61.752384185791016,21.2358455657959,4.230917930603027,0.3269534111022949,31.289819717407227,4.885009765625,4.5034197564573715,7.660189151763916,61.502586364746094,3.3293223578575923,4.733797073364258,4.588560104370117,0.285737544298172,,0.6039083003997803,0.33704450726509094,46.306884765625,80.27672576904297,46.306884765625,-0.02305547520518303
008343_1_Blots.png,wide,high,0.006944444444444444,0.018533054521173608,4.69793701171875,0.6002710461616516,0.3772260546684265,0.2597750127315521,,,0.5686250925064087,0.518993616104126,6.844939231872559,,0.34878626465797424,65.94054946599834,4.56720495223999,1.0144579410552979,1.0473787784576416,0.29973092675209045,0.22831851243972778,0.32238537073135376,0.48042455315589905,20.506040573120117,4.21737003326416,20.506040573120117,48.727294921875,14.801539421081543,4.352993011474609,0.35298317670822144,30.65584373474121,4.43403434753418,6.014295329602292,7.2430291175842285,58.382408142089844,4.176515042839052,4.436718940734863,4.610450267791748,0.3416125476360321,,0.5439029932022095,0.37207430601119995,59.55957794189453,74.20386505126953,59.55957794189453,0.2630283534526825
000675_2_Blots.png,wide,high,0.01930258499442262,0.027887988039790697,18.46405029296875,0.5101333856582642,0.32165995240211487,0.2088848501443863,,,0.5017538666725159,0.47383981943130493,6.327412128448486,,0.3169422149658203,44.9802187961921,4.015633583068848,1.0076158046722412,1.04922354221344,0.27159202098846436,0.253874808549881,0.27159202098846436,0.47397154569625854,40.76862335205078,4.560443878173828,40.76862335205078,65.58981323242188,31.86298370361328,4.186334609985352,0.3671840727329254,30.959360122680664,4.362613677978516,5.659115813803006,6.926712989807129,59.968605041503906,4.392763673709554,4.894457817077637,4.709372520446777,0.25918707251548767,,0.599049985408783,0.3203810155391693,36.7928466796875,79.44207000732422,36.7928466796875,-0.32387006282806396
011755_4_Blots.png,super_wide,mid,0.9979871175523349,0.3507131256686756,95.59783935546875,0.2990450859069824,0.2180931121110916,0.20922154188156128,,,0.5421925783157349,0.4361928701400757,1.7527461051940918,,,103.30829496903914,3.412426471710205,,,0.22055815160274506,0.26876986026763916,0.22055815160274506,0.31419530510902405,22.748401641845703,3.6331605911254883,22.748401641845703,60.9780387878418,40.32701110839844,2.97202205657959,0.3128499388694763,18.439603805541992,3.75124192237854,31.981106735611075,5.622105598449707,50.86503601074219,18.66982785404199,4.541637897491455,4.149606704711914,0.22420427203178406,,0.6054078340530396,0.3132323920726776,28.64266586303711,77.79438781738281,28.64266586303711,-0.08799831569194794
000722_2_Blots.png,super_wide,mid,7.660188008130081,0.3265500954677922,89.07977294921875,0.6739597320556641,0.3727116584777832,0.36600154638290405,,,0.3840901553630829,0.34668296575546265,6.3146138191223145,,0.3025834858417511,126.47625770556121,4.164437770843506,1.0306345224380493,1.8000227212905884,0.24928343296051025,0.1619475930929184,0.24928343296051025,0.34767356514930725,24.238750457763672,4.687254428863525,24.238750457763672,55.04916763305664,33.50494384765625,4.209930419921875,0.315573513507843,25.690135955810547,4.786355018615723,13.231471146328477,2.4896576404571533,46.87580490112305,10.607420311614254,4.816787242889404,4.632053375244141,0.24238905310630798,,0.6401338577270508,0.22891731560230255,35.519832611083984,72.4012222290039,35.519832611083984,0.25779566168785095
000350_4_Blots.png,super_wide,mid,0.5443611371446423,0.14068726971952777,57.27069091796875,0.44646844267845154,0.24832282960414886,0.2511426508426666,,,0.3063589334487915,0.2656092345714569,5.9885454177856445,,0.17609752714633942,91.85621566490936,3.943993091583252,1.0010895729064941,1.004813551902771,0.2614670693874359,0.12110883742570877,0.2614670693874359,0.34691789746284485,19.157800674438477,3.9250564575195312,19.157800674438477,52.600074768066406,21.108036041259766,3.6422202587127686,0.24314206838607788,23.94768714904785,3.720060348510742,8.554034853455045,2.4155611991882324,44.30486297607422,9.698465650996605,4.662605285644531,4.4491777420043945,0.1386117935180664,,0.6284348368644714,0.20848678052425385,8.130274772644043,58.08553695678711,8.130274772644043,-0.1040273904800415
007982_10_Blots.png,super_wide,mid,2.1323529411764706,0.27589759847824363,60.96014404296875,0.36076343059539795,0.26099857687950134,0.20751754939556122,,,0.44193169474601746,0.4570980370044708,4.254726886749268,,,71.15331554446551,4.22858190536499,,,0.3157707750797272,0.23211640119552612,0.3157707750797272,0.3973872661590576,25.269533157348633,3.539034366607666,25.269533157348633,61.721107482910156,36.53581237792969,2.804924726486206,0.305027574300766,16.868440628051758,3.089604377746582,8.006448026112716,3.099661111831665,61.4075813293457,7.61141590994191,3.9709744453430176,4.608400344848633,0.3041442632675171,,0.6384581327438354,0.3695967495441437,45.78255081176758,78.75831604003906,45.78255081176758,-0.7980150580406189
000350_1_Blots.png,super_wide,mid,0.41283973758200565,0.11683054453452936,41.18817138671875,0.4239822328090668,0.2563190162181854,0.23849892616271973,,,0.30435049533843994,0.3196004629135132,5.999141693115234,,0.180566668510437,68.19828643137072,3.8539047241210938,1.000916838645935,1.0058902502059937,0.2101106345653534,0.1717918962240219,0.20997023582458496,0.34059685468673706,26.826068878173828,4.126572132110596,26.826068878173828,54.03672409057617,26.802154541015625,3.760544538497925,0.2369580864906311,24.923826217651367,4.238525390625,7.286905529473791,3.4890029430389404,44.40031433105469,7.638375650369017,4.639164924621582,4.102761268615723,0.14409053325653076,,0.6453655362129211,0.23879195749759674,8.071059226989746,53.74208068847656,8.071059226989746,0.4057890772819519
000938_12_Blots.png,square,mid,0.1908235294117647,0.25849442749863505,42.38592529296875,0.29485031962394714,0.16776973009109497,0.15790583193302155,,,0.28992536664009094,0.2206190526485443,6.2917046546936035,,0.24948352575302124,86.59818582651114,4.499077796936035,1.0184710025787354,1.0058537721633911,0.17211784422397614,0.10822843015193939,0.17211784422397614,0.3131176233291626,17.373321533203125,4.091249465942383,17.373321533203125,48.21434020996094,17.969375610351562,4.052825927734375,0.2465408742427826,13.362576484680176,4.948976516723633,9.16925336815294,2.2667665481567383,42.07926559448242,8.473970148781023,4.2448225021362305,4.675809860229492,0.14859724044799805,,0.5770702958106995,0.13507424294948578,14.950084686279297,66.64251708984375,14.950084686279297,0.03032158873975277
001736_6_Blots.png,square,mid,0.023945837877135587,0.030562072336265886,53.39959716796875,0.5486207604408264,0.44310709834098816,0.33386728167533875,,,0.4499547779560089,0.5495755672454834,5.655726909637451,,0.3738684058189392,84.41761503878361,4.39483642578125,1.0661345720291138,1.0808284282684326,0.23836342990398407,0.2822362780570984,0.23838765919208527,0.3832649886608124,21.542877197265625,4.199946880340576,21.542877197265625,50.49789047241211,18.475561141967773,4.60988712310791,0.2834668457508087,17.270172119140625,4.6976165771484375,9.72519502564035,7.71055793762207,57.1044921875,6.028314516518234,4.484092712402344,4.654819965362549,0.34735551476478577,,0.5695688724517822,0.3667099177837372,69.36762237548828,80.7851333618164,69.36762237548828,-0.9419311285018921
003110_4_Blots.png,square,mid,12.813870411431386,0.5820320930291605,74.35418701171875,0.3801945149898529,0.2783222794532776,0.22608201205730438,,,0.2476264238357544,0.3181505799293518,2.9225142002105713,,0.3849842846393585,75.26711346832214,4.039772987365723,1.122252106666565,1.265128254890442,0.3281713128089905,0.19446122646331787,0.3281713128089905,0.43868157267570496,30.95859146118164,4.449853420257568,30.95859146118164,56.53016662597656,20.34144401550293,4.268754005432129,0.3230571448802948,23.664718627929688,4.49275541305542,11.097216855554873,2.560790777206421,40.78092956542969,9.548139129168579,4.137548446655273,4.2641520500183105,0.23106834292411804,,0.6210339665412903,0.2799570560455322,41.12435531616211,78.17410278320312,41.12435531616211,-0.7360340356826782
007530_1_Blots.png,wide,mid,0.39748953974895396,0.07170387216470166,63.98455810546875,0.511070191860199,0.34321749210357666,0.2521185576915741,,,0.1840120404958725,0.32138922810554504,6.038129806518555,,0.25058525800704956,60.96054521935742,3.9210596084594727,1.0084161758422852,1.0216163396835327,0.25089576840400696,0.19852298498153687,0.25089576840400696,0.3542681038379669,23.884536743164062,4.349458694458008,23.884536743164062,46.865211486816406,15.512924194335938,3.67301607131958,0.22372129559516907,15.293299674987793,4.1318230628967285,8.809792064538527,3.160224199295044,47.93977355957031,7.959746232563041,4.27301025390625,4.867124080657959,0.20657804608345032,,0.6050928235054016,0.17412616312503815,29.777835845947266,83.56999206542969,29.777835845947266,-0.5213178992271423
002766_1_Blots.png,square,mid,2.6577843572662228,0.1283646138807429,65.33612060546875,0.4487329125404358,0.3647351562976837,0.27128997445106506,,,0.2565687298774719,0.4330703318119049,5.1832194328308105,,0.3160942792892456,96.5216823486013,4.4928131103515625,1.063177227973938,1.0334123373031616,0.20200099050998688,0.22930121421813965,0.20200099050998688,0.3882485628128052,31.53903579711914,4.2045674324035645,31.53903579711914,52.56138229370117,25.814037322998047,3.8296656608581543,0.29551899433135986,15.183823585510254,4.102482795715332,7.8542171196843595,7.117134094238281,57.39673614501953,5.554114079381488,3.996812105178833,3.8825716972351074,0.30859094858169556,,0.5681445002555847,0.3053472638130188,46.421791076660156,81.46170043945312,46.421791076660156,-0.7496973276138306
007370_8_Blots.png,tall,mid,0.10195567144719687,0.08014577755110715,25.28436279296875,0.41726943850517273,0.28510499000549316,0.22760158777236938,,,0.4046701192855835,0.38428935408592224,6.291869163513184,,0.2290976643562317,98.55064323186707,4.108616828918457,1.0165947675704956,1.0293054580688477,0.2499774992465973,0.25426557660102844,0.2499774992465973,0.35263675451278687,14.236246109008789,4.47899866104126,14.236246109008789,48.890419006347656,21.52086639404297,4.498002529144287,0.20005691051483154,16.626388549804688,4.122555732727051,5.745881436598487,3.485363245010376,40.61819076538086,6.323009276227461,3.9346041679382324,4.491171836853027,0.2356533408164978,,0.5481763482093811,0.2561524212360382,22.401535034179688,72.78890991210938,22.401535034179688,-0.1880025863647461
008518_7_Blots.png,square,mid,0.3506230823291452,0.15604540023894864,44.26190185546875,0.249139666557312,0.26273784041404724,0.15782837569713593,,,0.27927374839782715,0.33397406339645386,4.7213029861450195,,0.43856772780418396,83.99160761700095,4.22304105758667,1.292140007019043,1.5640400648117065,0.3334660530090332,0.19361644983291626,0.3334660530090332,0.3808427155017853,28.191373825073242,4.372681617736816,28.191373825073242,53.85017395019531,17.88142967224121,3.6918416023254395,0.33853840827941895,22.402910232543945,3.6371097564697266,11.078877951384852,3.360092878341675,43.84712219238281,9.204081804705691,3.9010467529296875,4.275693416595459,0.28690147399902344,,0.5984867811203003,0.35710108280181885,59.3758659362793,74.92809295654297,59.3758659362793,-1.2075786590576172
008941_6_Blots.png,tall,mid,0.05456983240223464,0.06798624601809575,16.71063232421875,0.48937612771987915,0.40442243218421936,0.38408318161964417,,,0.7055634260177612,0.5472445487976074,5.735795974731445,,0.49899953603744507,47.54277301807541,4.279298305511475,1.1094456911087036,1.0229532718658447,0.4597243666648865,0.23233617842197418,0.4597243666648865,0.3890598714351654,52.915306091308594,5.061034202575684,52.915306091308594,47.7855339050293,27.22653579711914,4.4812421798706055,0.3638402223587036,11.217434883117676,5.16824197769165,7.340197227801255,6.81386137008667,67.6208267211914,5.549925727260272,4.571479797363281,4.786929130554199,0.48667386174201965,,0.632157027721405,0.4811278283596039,65.21617889404297,83.35933685302734,65.21617889404297,-0.6145313382148743
007634_1_Blots.png,tall,mid,0.05787037037037037,0.06016949956818419,12.76434326171875,0.47198349237442017,0.34584712982177734,0.3305068612098694,,,0.510761022567749,0.46349605917930603,3.881070137023926,,0.41847068071365356,78.34736872308167,4.2772393226623535,1.5277721881866455,2.745513677597046,0.3725247085094452,0.7470688819885254,0.3725247085094452,0.48236966133117676,36.87067413330078,3.8111512660980225,36.87067413330078,60.710079193115234,23.643993377685547,4.0132293701171875,0.3795284032821655,20.891538619995117,4.519413948059082,9.29604362358707,3.820852756500244,61.86625671386719,8.155293778231133,4.272873401641846,4.344979763031006,0.3974146544933319,,0.6342666745185852,0.5535773634910583,56.174354553222656,85.8976821899414,56.174354553222656,-1.7692768573760986
006187_3_Blots.png,wide,mid,0.43696014919513154,0.19652802498224836,43.84637451171875,0.24554960429668427,0.2505195438861847,0.2220824956893921,,,0.3581124246120453,0.287803590297699,4.492997646331787,,0.4247341752052307,117.23610230365824,3.6136603355407715,1.1416292190551758,1.518985390663147,0.3029260039329529,0.2603881359100342,0.3029260039329529,0.31340286135673523,22.440473556518555,4.2556047439575195,22.440473556518555,54.55487823486328,13.490276336669922,2.8936142921447754,0.2537010610103607,10.71257209777832,3.868314266204834,9.168783872871007,3.3370680809020996,33.739532470703125,8.447932811548437,3.5805342197418213,4.070478439331055,0.25920191407203674,,0.57585209608078,0.198603093624115,60.15937423706055,80.49420166015625,60.15937423706055,-1.2162203788757324
027029_2_Blots.png,tall,mid,0.10774793388429751,0.10646455062963602,64.69598388671875,0.4070335030555725,0.2726415991783142,0.25529488921165466,,,0.3621344268321991,0.3243785500526428,6.273167610168457,,0.31047138571739197,101.09747988839361,4.238219261169434,1.0051409006118774,1.0081347227096558,0.23011799156665802,0.16636472940444946,0.23011799156665802,0.3666883409023285,18.607906341552734,4.501799583435059,18.607906341552734,48.84766387939453,12.03178596496582,4.506496906280518,0.2781233489513397,16.568132400512695,4.801581382751465,11.352566516851057,6.06146764755249,52.06429672241211,8.23547792202662,4.171222686767578,4.999885082244873,0.23023921251296997,,0.5460262298583984,0.15205051004886627,42.37563705444336,77.43524932861328,42.37563705444336,-0.4251413345336914
006066_2_Blots.png,wide,mid,1.8464694506872943,0.13615184099055067,58.50897216796875,0.5078915953636169,0.34168803691864014,0.23472870886325836,,,0.32439661026000977,0.3726476728916168,3.974155902862549,,0.35756003856658936,72.39853901631287,4.032806396484375,1.0379066467285156,1.1487311124801636,0.3427097797393799,0.21362575888633728,0.3427097797393799,0.42239052057266235,30.11853790283203,4.5099778175354,30.11853790283203,56.53215026855469,29.38286590576172,3.6221139430999756,0.3104642629623413,27.522502899169922,3.8289623260498047,10.623518239584602,3.373793840408325,39.281890869140625,8.51824769254942,3.8181166648864746,4.2449870109558105,0.24393093585968018,,0.595137894153595,0.2264774590730667,34.81857681274414,76.84760284423828,36.67909240722656,-0.6454026103019714
000949_9_Blots.png,wide,mid,0.06060606060606061,0.04529667770477973,26.78143310546875,0.44675740599632263,0.3733058273792267,0.22184798121452332,,,0.410671204328537,0.40259015560150146,6.281793594360352,,0.28851303458213806,77.72164080534783,4.454572677612305,1.0333367586135864,1.0937894582748413,0.249394953250885,0.2117343693971634,0.249394953250885,0.4139910936355591,19.303936004638672,4.320063591003418,19.303936004638672,53.039268493652344,12.945137023925781,3.5218775272369385,0.31232619285583496,22.59383773803711,3.97817063331604,5.632708028511732,6.073429107666016,49.503013610839844,5.055247004329778,3.902986526489258,4.34052848815918,0.23945418000221252,,0.5788244605064392,0.24465472996234894,30.170194625854492,78.02587890625,30.170194625854492,-0.5750547647476196
011610_21_Blots.png,wide,mid,0.9900863571234946,0.06861855323970853,49.04119873046875,0.65194171667099,0.37901943922042847,0.30435559153556824,,,0.3350604474544525,0.42150115966796875,6.615117073059082,,0.2206067591905594,71.8838218119171,4.0645751953125,1.004677653312683,1.0138064622879028,0.2880978584289551,0.22051675617694855,0.2880978584289551,0.3850666880607605,15.441914558410645,4.57639217376709,15.441914558410645,48.231563568115234,13.372884750366211,4.541403770446777,0.24624913930892944,14.73117446899414,4.7412590980529785,7.400487576309944,4.70745325088501,42.585784912109375,6.469914609629463,4.5288896560668945,4.7744140625,0.23183020949363708,,0.5696843266487122,0.204385906457901,27.955148696899414,76.5045166015625,27.955148696899414,-0.0553179606795311
009580_3_Blots.png,tall,mid,0.0612565029188674,0.030016927735259758,38.15203857421875,0.5434699654579163,0.38645002245903015,0.29380878806114197,,,0.2766415774822235,0.4374432861804962,6.024926662445068,,0.34318092465400696,65.97865089590168,4.070000171661377,1.054592490196228,1.7863210439682007,0.3094441592693329,0.4294227659702301,0.3094441592693329,0.37195587158203125,20.41810417175293,4.235361099243164,20.41810417175293,48.77069854736328,24.81513214111328,3.724592685699463,0.3802478313446045,20.6961612701416,4.905553340911865,5.66341380185908,6.686854839324951,55.07373046875,4.803881570843905,3.8504810333251953,4.583197116851807,0.32711347937583923,,0.603635311126709,0.3829461336135864,38.62321472167969,84.2785415649414,38.62321472167969,-0.12641219794750214
